"物种ID","中文名","科学名（未核实留空）","场馆ID","场馆名","经度","纬度","局部X米","局部Z米","资料日期","核实状态","今日在展确认","来源ID","备注"
"s-0","大熊猫","","v-25375816","亚运熊猫馆","116.33338462647059","39.93870199411765","118.18210224111188","-78.14562771608114","2026-07-15","近期官方资料记载","false","panda;panda-open","扩建涉及原雉鸡苑；具体分馆和今日在展个体未确认"
"s-0","大熊猫","","v-25375817","奥运熊猫馆","116.33271152500001","39.9382357625","60.730833971272794","-26.244961447952985","2026-07-15","近期官方资料记载","false","panda;panda-open","扩建涉及原雉鸡苑；具体分馆和今日在展个体未确认"
"s-1","非洲狮","","v-273416876","狮虎山","116.33395849444445","39.940553977777775","167.16348819577644","-284.307505719216","2023-01-12","资料记载，当前在展待核实","false","lion","狮虎山资料记载；演示位置不代表实际隔间或动物定位"
"s-2","东北虎","","v-273416876","狮虎山","116.33395849444445","39.940553977777775","167.16348819577644","-284.307505719216","2023-01-12","资料记载，当前在展待核实","false","lion","未取得今日在展公告"
"s-3","孟加拉虎","","v-273416876","狮虎山","116.33395849444445","39.940553977777775","167.16348819577644","-284.307505719216","2023-01-12","资料记载，当前在展待核实","false","lion","白虎为毛色型，不另造物种"
"s-4","长颈鹿","","v-25375846","长颈鹿馆","116.32778628333334","39.941395283333335","-359.65359935667374","-377.96121176539236","2024-04-01","资料记载，当前在展待核实","false","giraffe","亚种未确认；候选模型许可溯源不足，未采用"
"s-5","白犀牛","","v-25375838","犀牛河马馆","116.33107794411765","39.942780338235295","-78.70028839816214","-532.1448181722781","2023（具体日待核实）","资料记载，当前在展待核实","false","rhino","未取得今日在展公告"
"s-6","独角犀","","v-25375838","犀牛河马馆","116.33107794411765","39.942780338235295","-78.70028839816214","-532.1448181722781","2023（具体日待核实）","资料记载，当前在展待核实","false","rhino","来源俗名，未核实科学名称"
"s-7","河马","","v-25375838","犀牛河马馆","116.33107794411765","39.942780338235295","-78.70028839816214","-532.1448181722781","2023（具体日待核实）","资料记载，当前在展待核实","false","rhino","未取得今日在展公告"
"s-8","象（种未确定）","","v-25375829","象馆","116.33274172","39.94247806","63.30806953122159","-498.49535894152086","2022-12-16","资料记载，当前在展待核实","false","route","仅有象馆和路线记录；不推断亚洲象或非洲象"
"s-9","马来熊","","v-1205163232","熊山","116.33584028571428","39.94022045714286","327.7801259471082","-247.18015847097092","2026-05-14","近期资料记载","false","sunbear","未取得今日在展公告"
"s-10","北极熊","","v-1205163230","白熊馆","116.33653845","39.94032335","387.3705821082427","-258.6341389342743","2022-12-16","资料记载，当前在展待核实","false","route","未取得今日在展公告"
"s-11","黑猩猩","","v-478457830","猩猩馆（地图猿猴馆）","116.32591326","39.940467500000004","-519.521866923016","-274.6808435322666","2022-12-16","资料记载，当前在展待核实","false","venues;route","未取得今日在展公告"
"s-12","大猩猩","","v-478457830","猩猩馆（地图猿猴馆）","116.32591326","39.940467500000004","-519.521866923016","-274.6808435322666","2021（具体日待核实）","历史记录","false","venues","资料明确为曾饲养；不作为现有在展"
"s-13","金丝猴","","v-25375849","金丝猴馆","116.327868515","39.9401372","-352.6348752143359","-237.91201572310192","2022-12-16","资料记载，当前在展待核实","false","route","来源未细分种类，科学名留空"
"s-14","扬子鳄","","v-25375863","两栖爬行动物馆","116.32720996875","39.9389895625","-408.84381090999426","-110.15759360787614","2021（具体日待核实）","历史场馆资料记载","false","venues","未取得今日在展公告"
"s-15","网蟒","","v-25375863","两栖爬行动物馆","116.32720996875","39.9389895625","-408.84381090999426","-110.15759360787614","2021（具体日待核实）","历史场馆资料记载","false","venues","未取得今日在展公告"
"s-16","火烈鸟（种未确定）","","v-478432519","火烈鸟馆","116.32910374615385","39.9394797","-247.204119978102","-164.71945052644645","2023-09-05","历史地图馆名记录，待核实","false","osm","仅有馆名，物种与当前在展未确认"
"s-17","企鹅（种未确定）","","v-25375861","企鹅与蝙蝠区","116.32610956666667","39.93896191666667","-502.7664927889715","-107.08007351866233","2024-12-30","历史地图馆名记录，待核实","false","osm","地图仍称企鹅与蝙蝠区；不推断今日蝙蝠展出"
"s-18","鹦鹉（种未确定）","","v-478432518","鹦鹉馆","116.32957533888889","39.94021771111111","-206.95223832443068","-246.87447161518085","2024-12-30","历史地图馆名记录，待核实","false","osm","仅记录类群，不冒充已核实物种"
"s-19","白唇鹿","","v-node-8016547796","白唇鹿展区","116.3263509","39.9416114","-482.1679550033238","-402.0192090504868","2020-10-17","历史地图记录，待核实","false","osm","公开地图2020年点位；未核实当前馆属与物种学名，原species标签只保留在地图源文件"
"s-20","麋鹿","","v-node-8016547797","麋鹿展区","116.326025","39.9416042","-509.9845163196695","-401.2177087169006","2020-10-17","历史地图记录，待核实","false","osm","公开地图2020年点位；未核实当前馆属与物种学名，原species标签只保留在地图源文件"
"s-21","豚鹿","","v-node-8016547798","豚鹿展区","116.3267733","39.9417451","-446.11482367340295","-416.9026249694626","2020-10-17","历史地图记录，待核实","false","osm","公开地图2020年点位；未核实当前馆属与物种学名，原species标签只保留在地图源文件"
"s-22","小麂","","v-node-8016547799","小麂展区","116.3267505","39.9419127","-448.0608733755429","-435.559771626927","2020-10-17","历史地图记录，待核实","false","osm","公开地图2020年点位；未核实当前馆属与物种学名，原species标签只保留在地图源文件"
"s-23","西伯利亚狍","","v-node-8016547800","西伯利亚狍展区","116.3267411","39.9421162","-448.8631921121879","-458.21328800311363","2020-10-17","历史地图记录，待核实","false","osm","公开地图2020年点位；未核实当前馆属与物种学名，原species标签只保留在地图源文件"
"s-24","南非长角羚","","v-node-8016547801","南非长角羚展区","116.3263924","39.9420669","-478.6258031318865","-452.7252371069401","2020-10-17","历史地图记录，待核实","false","osm","公开地图2020年点位；未核实当前馆属与物种学名，原species标签只保留在地图源文件"
"s-25","北山羊","","v-node-8016547802","北山羊展区","116.326194","39.9423363","-495.5598496656189","-482.714707926707","2020-10-17","历史地图记录，待核实","false","osm","公开地图2020年点位；未核实当前馆属与物种学名，原species标签只保留在地图源文件"
"s-26","马鹿","","v-node-8016547803","马鹿展区","116.3258842","39.9420145","-522.0022267625721","-446.8920957892295","2020-10-17","历史地图记录，待核实","false","osm","公开地图2020年点位；未核实当前馆属与物种学名，原species标签只保留在地图源文件"
"s-27","斑马","","v-node-8016547804","斑马展区","116.3257956","39.9422247","-529.5645076236532","-470.2914527537463","2020-10-17","历史地图记录，待核实","false","osm","公开地图2020年点位；未核实当前馆属与物种学名，原species标签只保留在地图源文件"
"s-28","黑麂","","v-node-8016547805","黑麂展区","116.3253725","39.9419857","-565.677386093653","-443.6860944540933","2020-10-17","历史地图记录，待核实","false","osm","公开地图2020年点位；未核实当前馆属与物种学名，原species标签只保留在地图源文件"
"s-29","普氏野马","","v-node-8016547806","普氏野马展区","116.3256347","39.941834","-543.2978145160112","-426.79892770115174","2020-10-17","历史地图记录，待核实","false","osm","公开地图2020年点位；未核实当前馆属与物种学名，原species标签只保留在地图源文件"
"s-30","亚洲野驴","","v-node-8016547807","亚洲野驴展区","116.3256327","39.9415451","-543.4685206298295","-394.6387268108597","2020-10-17","历史地图记录，待核实","false","osm","公开地图2020年点位；未核实当前馆属与物种学名，原species标签只保留在地图源文件"
"s-31","藏野驴","","v-node-8016547808","藏野驴展区","116.3253383","39.9416268","-568.5964606474695","-403.7335292089627","2020-10-17","历史地图记录，待核实","false","osm","公开地图2020年点位；未核实当前馆属与物种学名，原species标签只保留在地图源文件"
"s-32","依兰大羚羊","","v-node-8016547809","依兰大羚羊展区","116.3256917","39.9413548","-538.4326902600548","-373.45462771291477","2020-10-17","历史地图记录，待核实","false","osm","公开地图2020年点位；未核实当前馆属与物种学名，原species标签只保留在地图源文件"
"s-33","秦岭羚牛","","v-node-8016547810","秦岭羚牛展区","116.3251144","39.9412731","-587.7070101372393","-364.35982531481187","2020-10-17","历史地图记录，待核实","false","osm","公开地图2020年点位；未核实当前馆属与物种学名，原species标签只保留在地图源文件"
"s-34","四川羚牛","","v-node-8016547811","四川羚牛展区","116.3253752","39.9411806","-565.4469328397555","-354.0627724171205","2020-10-17","历史地图记录，待核实","false","osm","公开地图2020年点位；未核实当前馆属与物种学名，原species标签只保留在地图源文件"
"s-35","弯角大羚羊","","v-node-8016547812","弯角大羚羊展区","116.3256689","39.941177","-540.3787399621947","-353.66202225032737","2020-10-17","历史地图记录，待核实","false","osm","公开地图2020年点位；未核实当前馆属与物种学名，原species标签只保留在地图源文件"
"s-36","中华斑羚","","v-node-8016547813","中华斑羚展区","116.3263911","39.9414279","-478.7367621068389","-381.59208249008145","2020-10-17","历史地图记录，待核实","false","osm","公开地图2020年点位；未核实当前馆属与物种学名，原species标签只保留在地图源文件"
"s-37","白脸牛羚","","v-node-8016547814","白脸牛羚展区","116.3261873","39.9414268","-496.1317151483663","-381.4696310503598","2020-10-17","历史地图记录，待核实","false","osm","公开地图2020年点位；未核实当前馆属与物种学名，原species标签只保留在地图源文件"
"s-38","盘羊","","v-node-8016547815","盘羊展区","116.325974","39.9414227","-514.3375222329576","-381.01322113751957","2020-10-17","历史地图记录，待核实","false","osm","公开地图2020年点位；未核实当前馆属与物种学名，原species标签只保留在地图源文件"
"s-39","蛮羊","","v-node-8016547816","蛮羊展区","116.325978","39.9411764","-513.9961100041075","-353.59523055586186","2020-10-17","历史地图记录，待核实","false","osm","公开地图2020年点位；未核实当前馆属与物种学名，原species标签只保留在地图源文件"
"s-40","旋角羚","","v-node-8016547817","旋角羚展区","116.3262838","39.9411831","-487.89514513600415","-354.34107114419203","2020-10-17","历史地图记录，待核实","false","osm","公开地图2020年点位；未核实当前馆属与物种学名，原species标签只保留在地图源文件"